File,Scenario ID,tags,tags,tags
validation.tfrecord-00000-of-00150 ,2bd053ce42b6c803,cruising,,
validation.tfrecord-00000-of-00150 ,366a9c2a6c8bc2ec,letf-trun,,
validation.tfrecord-00000-of-00150 ,3d9982184d8af7c0,cruising,,
validation.tfrecord-00000-of-00150 ,43f06b0743dc9355,merge,,
validation.tfrecord-00000-of-00150 ,45c6cd9309b3ce87,right-turn,,
validation.tfrecord-00000-of-00150 ,54776d0f36728ab5,cruising,,
validation.tfrecord-00000-of-00150 ,729d1c17d450ed2e,cruising,letf-trun,
validation.tfrecord-00000-of-00150 ,8ae319140856156f,cruising,,
validation.tfrecord-00000-of-00150 ,a1bdf5c2af01557a,cruising,,
validation.tfrecord-00000-of-00150 ,c45f2781605c47f0,merge,cruising,
validation.tfrecord-00000-of-00150 ,c76cd5f1a8c36d3b,cruising,,
validation.tfrecord-00001-of-00150 ,17c139daf05dc9dc,lane-change,,
validation.tfrecord-00001-of-00150 ,18a02d58b7e4120,merge,,
validation.tfrecord-00001-of-00150 ,481db0d975883d94,cruising,lane-change,
validation.tfrecord-00001-of-00150 ,4cf3d867308dd58,cruising,,
validation.tfrecord-00001-of-00150 ,540719f3a24370af,overtake,,
validation.tfrecord-00001-of-00150 ,641655bb8d28a2e6,letf-trun,cruising,
validation.tfrecord-00001-of-00150 ,bc4960f478da2749,merge,,
validation.tfrecord-00001-of-00150 ,bc76b064e334ebe4,cruising,,
validation.tfrecord-00001-of-00150 ,cad481733b3e17a3,right-turn,,
validation.tfrecord-00001-of-00150 ,ccb0cc6c4bc93aa3,intersection,,
validation.tfrecord-00001-of-00150 ,d44c0b098310bd91,merge,,
validation.tfrecord-00001-of-00150 ,d49e92f28e602fab,lane-change,,
validation.tfrecord-00001-of-00150 ,dd05436fb7a4f2d1,right-turn,lane-change,
validation.tfrecord-00001-of-00150 ,e6d5c20551b2a22a,cruising,,
validation.tfrecord-00001-of-00150 ,e970461587492fdd,cruising,,
validation.tfrecord-00001-of-00150 ,fd2b825eece04bf8,right-turn,letf-trun,
validation.tfrecord-00002-of-00150 ,285609d6b2999461,cruising,,
validation.tfrecord-00002-of-00150 ,339329292c73f219,cruising,,
validation.tfrecord-00002-of-00150 ,7647fb169678a4c1,cruising,,
validation.tfrecord-00002-of-00150 ,778c01cffdc85662,right-turn,intersection,
validation.tfrecord-00002-of-00150 ,94c139aff9c4b922,cruising,,
validation.tfrecord-00002-of-00150 ,9b8d553bab5d75f5,letf-trun,,
validation.tfrecord-00002-of-00150 ,9c626aa404cfc0a9,cruising,,
validation.tfrecord-00002-of-00150 ,a63bda24d65fc5db,cruising,,
validation.tfrecord-00002-of-00150 ,bb6d0db46449852a,intersection,,
validation.tfrecord-00002-of-00150 ,d92a2954d5ca149e,cruising,,
validation.tfrecord-00002-of-00150 ,dadf8c47191b9026,merge,,
validation.tfrecord-00002-of-00150 ,e098d848a1d4af12,intersection,,
validation.tfrecord-00002-of-00150 ,ecf860e201a14116,cruising,merge,
validation.tfrecord-00003-of-00150 ,15c54c8b7c352258,letf-trun,,
validation.tfrecord-00003-of-00150 ,4f2b4f70106d0de5,merge,,
validation.tfrecord-00003-of-00150 ,7559e8c891f8cafc,merge,,
validation.tfrecord-00003-of-00150 ,a5a4965de6be450a,cruising,,
validation.tfrecord-00003-of-00150 ,c6e35c0a916b29ae,cruising,,
validation.tfrecord-00003-of-00150 ,cc781d250aea34fb,merge,cruising,lane-change
validation.tfrecord-00004-of-00150 ,1ceb1eb9e175daed,lane-change,cruising,
validation.tfrecord-00004-of-00150 ,25b330872fe87f1d,cruising,,
validation.tfrecord-00004-of-00150 ,3b0922292dc40458,cruising,,
validation.tfrecord-00004-of-00150 ,474646b35ec6e648,letf-trun,,
validation.tfrecord-00004-of-00150 ,4f6518c87addd7fa,cruising,,
validation.tfrecord-00004-of-00150 ,5c30f03ac08023cd,cruising,,
validation.tfrecord-00004-of-00150 ,8e395341b3caed64,cruising,,
validation.tfrecord-00004-of-00150 ,a04e50df9bb0263f,cruising,,
validation.tfrecord-00004-of-00150 ,a2819363f0e9a73f,cruising,,
validation.tfrecord-00004-of-00150 ,bf51536b8242e006,merge,,
validation.tfrecord-00004-of-00150 ,c45bfaa910bb48b8,lane-change,,
validation.tfrecord-00004-of-00150 ,c552a3f61766fcd9,cruising,,
validation.tfrecord-00004-of-00150 ,c5868e1c6ca90adf,cruising,,
validation.tfrecord-00004-of-00150 ,cca8689064bd37a3,cruising,,
validation.tfrecord-00004-of-00150 ,db0d28891293884c,lane-change,,
validation.tfrecord-00004-of-00150 ,e3572a1151ca992f,letf-trun,,
validation.tfrecord-00004-of-00150 ,fdb610e76ff32ebd,merge,,
validation.tfrecord-00004-of-00150 ,fef16263976d80aa,cruising,,
validation.tfrecord-00005-of-00150 ,17f961a90f7c2ca,lane-change,,
validation.tfrecord-00005-of-00150 ,5018ac2804012141,merge,,
validation.tfrecord-00005-of-00150 ,5a2c32dfa793e04b,cruising,,
validation.tfrecord-00005-of-00150 ,6e7227cfbcc5feb9,cruising,,
validation.tfrecord-00005-of-00150 ,a6724e97e434f2a2,cruising,,
validation.tfrecord-00005-of-00150 ,a74d2052c5a0c44,cruising,,
validation.tfrecord-00005-of-00150 ,beb61fd8e8eda9a3,right-turn,,
validation.tfrecord-00005-of-00150 ,fb45d93b3c0bfbc3,merge,,
validation.tfrecord-00006-of-00150 ,1454a9bfa543462f,cruising,,
validation.tfrecord-00006-of-00150 ,484e4f4f824f785f,cruising,,
validation.tfrecord-00006-of-00150 ,5b9e46cb153c38b0,cruising,lane-change,
validation.tfrecord-00006-of-00150 ,69c00b5a1db2d8fc,merge,,
validation.tfrecord-00006-of-00150 ,79a6714192653e5b,letf-trun,,
validation.tfrecord-00006-of-00150 ,7f56026340beff8,intersection,,
validation.tfrecord-00006-of-00150 ,c8a7b7223dc38dfa,cruising,,
validation.tfrecord-00006-of-00150 ,dbd24ef2d608d188,cruising,,
validation.tfrecord-00006-of-00150 ,ede91d5fbd563477,right-turn,,
validation.tfrecord-00006-of-00150 ,f11e49e746a2caa2,cruising,,
validation.tfrecord-00007-of-00150 ,12944efe8c17aad8,lane-change,,
validation.tfrecord-00007-of-00150 ,14bd8931fe0c0ec,lane-change,,
validation.tfrecord-00007-of-00150 ,3aa6979469fa14af,cruising,,
validation.tfrecord-00007-of-00150 ,3b3deb73d440a38d,lane-change,,
validation.tfrecord-00007-of-00150 ,40ab78aea116822d,cruising,,
validation.tfrecord-00007-of-00150 ,4e46b701de53f517,cruising,,
validation.tfrecord-00007-of-00150 ,5bc9aed3f4161f90,cruising,,
validation.tfrecord-00007-of-00150 ,71e7d0034483a5d5,cruising,,
validation.tfrecord-00007-of-00150 ,7c854cb255434f20,cruising,,
validation.tfrecord-00007-of-00150 ,84c492c8fdc39992,merge,,
validation.tfrecord-00007-of-00150 ,9d12ea5bf8a9d105,cruising,,
validation.tfrecord-00007-of-00150 ,a3c0d80972494bba,lane-change,,
validation.tfrecord-00007-of-00150 ,dc854d46418132eb,right-turn,,
validation.tfrecord-00007-of-00150 ,e353b0848facc6e5,cruising,,
validation.tfrecord-00007-of-00150 ,fae2574dca71b3d9,lane-change,,
validation.tfrecord-00008-of-00150 ,5323a41eb9b1fe7a,cruising,lane-change,
validation.tfrecord-00008-of-00150 ,72cfec7d8d6e12d6,cruising,,
validation.tfrecord-00008-of-00150 ,781800d92a5b7ed,cruising,,
validation.tfrecord-00008-of-00150 ,7bb0acb088993540,merge,,
validation.tfrecord-00008-of-00150 ,93da4c34b04248a4,cruising,lane-change,
validation.tfrecord-00008-of-00150 ,b4470ca29d8bb3b2,cruising,lane-change,
validation.tfrecord-00008-of-00150 ,d40f183066af08c3,cruising,,
validation.tfrecord-00008-of-00150 ,dfc5224265b3263c,letf-trun,cruising,
validation.tfrecord-00008-of-00150 ,e29f8f30ba54473f,cruising,,
validation.tfrecord-00009-of-00150 ,344b793acc7567b9,cruising,,
validation.tfrecord-00009-of-00150 ,3ffbcc9b5614d0fd,intersection,,
validation.tfrecord-00009-of-00150 ,43f2dadb374cedd4,cruising,,
validation.tfrecord-00009-of-00150 ,47b3f2d077e53de8,cruising,merge,
validation.tfrecord-00009-of-00150 ,5c559d6e8daa77b7,cruising,,
validation.tfrecord-00009-of-00150 ,7946f742a410c657,lane-change,merge,
validation.tfrecord-00009-of-00150 ,f9a9db90b87da1bb,cruising,,
validation.tfrecord-00010-of-00150 ,183215f21a599f3c,cruising,,
validation.tfrecord-00010-of-00150 ,484c7b8f5c15d75c,letf-trun,,
validation.tfrecord-00010-of-00150 ,4e4583736bfdf67,overtake,,
validation.tfrecord-00010-of-00150 ,51584cac5671c26c,merge,cruising,
validation.tfrecord-00010-of-00150 ,5c746ea6782ee82a,merge,,
validation.tfrecord-00010-of-00150 ,5d64575fa50baf04,cruising,lane-change,
validation.tfrecord-00010-of-00150 ,6f46469eebe7b4cc,cruising,,
validation.tfrecord-00010-of-00150 ,744e046e4ef16f5d,intersection,,
validation.tfrecord-00010-of-00150 ,79ae5411065b7a15,cruising,,
validation.tfrecord-00010-of-00150 ,92575d811cfbcddf,cruising,,
validation.tfrecord-00010-of-00150 ,a540704af740fe42,cruising,,
validation.tfrecord-00010-of-00150 ,bf38bd96dcbf242b,right-turn,,
validation.tfrecord-00010-of-00150 ,d4d29c9c17368181,intersection,,
validation.tfrecord-00010-of-00150 ,e02acb2cea9865df,lane-change,,
validation.tfrecord-00010-of-00150 ,efcd80a9b7c8dfe3,cruising,,
validation.tfrecord-00010-of-00150 ,f8a4a2912ac9ff2d,right-turn,,
validation.tfrecord-00010-of-00150 ,fe8688b05664d0c2,merge,,
validation.tfrecord-00011-of-00150 ,16a127e2cdcb1463,cruising,,
validation.tfrecord-00011-of-00150 ,1e7da9ce0854b83c,cruising,,
validation.tfrecord-00011-of-00150 ,2da6dcae97d4eb4c,cruising,merge,
validation.tfrecord-00011-of-00150 ,33c5076858d6d0be,cruising,,
validation.tfrecord-00011-of-00150 ,3714ba3e1d32f18b,intersection,,
validation.tfrecord-00011-of-00150 ,3b7946966feb4ca5,right-turn,,
validation.tfrecord-00011-of-00150 ,482e44614bb6e09e,cruising,,
validation.tfrecord-00011-of-00150 ,543367aef85c9f3b,cruising,,
validation.tfrecord-00011-of-00150 ,8a169de9440825c2,cruising,lane-change,
validation.tfrecord-00011-of-00150 ,a8ead7bae30a8180,cruising,merge,
validation.tfrecord-00011-of-00150 ,bb7878c7679dcbab,right-turn,,
validation.tfrecord-00011-of-00150 ,c4de060d1038b686,cruising,,
validation.tfrecord-00011-of-00150 ,d25b191b4e064610,merge,,
validation.tfrecord-00011-of-00150 ,d45455d3dc87e058,cruising,,
validation.tfrecord-00011-of-00150 ,e3ae4374af7894a0,cruising,,
validation.tfrecord-00011-of-00150 ,e4c397991d121400,cruising,,
validation.tfrecord-00011-of-00150 ,e697b1935561b3df,cruising,,
validation.tfrecord-00012-of-00150 ,167fc1d7a81ca071,cruising,,
validation.tfrecord-00012-of-00150 ,4c898f52f017747c,cruising,,
validation.tfrecord-00012-of-00150 ,83ecbbfcd5304986,cruising,,
validation.tfrecord-00012-of-00150 ,9ba8f4ed81c25e9a,merge,,
validation.tfrecord-00012-of-00150 ,a470740e0782fb57,right-turn,,
validation.tfrecord-00012-of-00150 ,a4eaa886a0e3dda4,lane-change,,
validation.tfrecord-00012-of-00150 ,b9f1c91259b0ea65,merge,,
validation.tfrecord-00012-of-00150 ,bffbe9f81f3e5aa3,letf-trun,,
validation.tfrecord-00012-of-00150 ,cbbedd6cbb4b72b9,cruising,,
validation.tfrecord-00012-of-00150 ,d189e10539f530f3,cruising,,
validation.tfrecord-00012-of-00150 ,fc09db8faa56bbff,cruising,,
validation.tfrecord-00013-of-00150 ,1810f066653604b3,cruising,,
validation.tfrecord-00013-of-00150 ,39eb5a939cc87eaf,right-turn,,
validation.tfrecord-00013-of-00150 ,3a3980b7b5463c5d,right-turn,cruising,
validation.tfrecord-00013-of-00150 ,4ab7c88c8cc0db96,lane-change,,
validation.tfrecord-00013-of-00150 ,af209a9fb9d9c7ff,cruising,,
validation.tfrecord-00013-of-00150 ,cedac30b047e2e71,right-turn,,
validation.tfrecord-00013-of-00150 ,d9f4223eeb605dc8,merge,cruising,
validation.tfrecord-00013-of-00150 ,dbc9eb49c43a94c8,cruising,,
validation.tfrecord-00013-of-00150 ,e6a7c2bb453e7f62,letf-trun,,
validation.tfrecord-00013-of-00150 ,fe932430cb08c422,cruising,,
validation.tfrecord-00014-of-00150 ,178f38459d6bf8a1,cruising,,
validation.tfrecord-00014-of-00150 ,28db62d34c9c9064,cruising,,
validation.tfrecord-00014-of-00150 ,3d81256150d0e36e,cruising,,
validation.tfrecord-00014-of-00150 ,7c7bd0cc4fe49f2e,cruising,,
validation.tfrecord-00014-of-00150 ,993196e20e4f6685,cruising,,
validation.tfrecord-00014-of-00150 ,9c18e42687e6c521,lane-change,,
validation.tfrecord-00014-of-00150 ,b66100c3bccb68fa,merge,,
validation.tfrecord-00014-of-00150 ,cf52b5f204baee0b,cruising,,
validation.tfrecord-00014-of-00150 ,cf789171274f2657,lane-change,merge,
validation.tfrecord-00014-of-00150 ,f56c71bfe7d7f67c,cruising,,
validation.tfrecord-00014-of-00150 ,f58d386a477ab85d,cruising,,
validation.tfrecord-00015-of-00150 ,23b6895dd533ffbe,merge,,
validation.tfrecord-00015-of-00150 ,6a553ca736abed4,cruising,,
validation.tfrecord-00015-of-00150 ,71c3623df9236f33,intersection,,
validation.tfrecord-00015-of-00150 ,8962648e792a966b,cruising,right-turn,
validation.tfrecord-00015-of-00150 ,91cf8563ba832b82,letf-trun,,
validation.tfrecord-00015-of-00150 ,a2bbc73ca227961f,lane-change,,
validation.tfrecord-00015-of-00150 ,a321b1a4cdf14b62,cruising,,
validation.tfrecord-00015-of-00150 ,b4d39018158dec03,merge,,
validation.tfrecord-00015-of-00150 ,d3bd91c366d2161d,lane-change,,
validation.tfrecord-00015-of-00150 ,e8c9994c31de4aee,cruising,lane-change,
validation.tfrecord-00016-of-00150 ,1d086d5e09ecb05f,intersection,,
validation.tfrecord-00016-of-00150 ,31814500da0541bf,right-turn,,
validation.tfrecord-00016-of-00150 ,4d9295d244504ba6,cruising,,
validation.tfrecord-00016-of-00150 ,69a508f00a324c2b,lane-change,,
validation.tfrecord-00016-of-00150 ,794d98530eede3e9,right-turn,,
validation.tfrecord-00016-of-00150 ,acfb7ae728c41e5,cruising,merge,
validation.tfrecord-00016-of-00150 ,b1a62b81ab2e557c,cruising,,
validation.tfrecord-00016-of-00150 ,dde89aa4451f9abf,cruising,,
validation.tfrecord-00016-of-00150 ,de8d69c506f0048b,merge,,
validation.tfrecord-00016-of-00150 ,decc53d42159f67c,cruising,,
validation.tfrecord-00016-of-00150 ,f1b0f7f8fd591d47,intersection,,
validation.tfrecord-00017-of-00150 ,28c7a365c66c5ee9,letf-trun,cruising,
validation.tfrecord-00017-of-00150 ,4bdb64e27801a814,right-turn,,
validation.tfrecord-00017-of-00150 ,92dd33e1a25cff95,letf-trun,,
validation.tfrecord-00017-of-00150 ,9b0d2e62c513bdef,letf-trun,,
validation.tfrecord-00017-of-00150 ,9b2f425814ee731a,merge,,
validation.tfrecord-00017-of-00150 ,b860415b2abfc212,merge,,
validation.tfrecord-00017-of-00150 ,cf33512499d8b6fd,cruising,,
validation.tfrecord-00017-of-00150 ,d176b82f8902fbcc,merge,,
validation.tfrecord-00017-of-00150 ,d34daccc8f4e4d89,cruising,,
validation.tfrecord-00017-of-00150 ,de9d27885a33424d,merge,,
validation.tfrecord-00017-of-00150 ,fd4652b5ddc69783,right-turn,,
validation.tfrecord-00018-of-00150 ,22e6b3bd9c357866,letf-trun,,
validation.tfrecord-00018-of-00150 ,57e0125d067b6bad,lane-change,,
validation.tfrecord-00018-of-00150 ,5e8852fe6d12acde,lane-change,,
validation.tfrecord-00018-of-00150 ,5fd88b55a45f9396,cruising,,
validation.tfrecord-00018-of-00150 ,83a3eb5c1df9a88c,lane-change,,
validation.tfrecord-00018-of-00150 ,895aeb5ba9977cbb,cruising,right-turn,
validation.tfrecord-00018-of-00150 ,a7ca30004525fc17,merge,cruising,
validation.tfrecord-00018-of-00150 ,bb2b729402c775b,cruising,,
validation.tfrecord-00018-of-00150 ,d53123d272115cc8,right-turn,,
validation.tfrecord-00018-of-00150 ,dc2250412fcd7fb4,intersection,,
validation.tfrecord-00018-of-00150 ,e47bb1a34ab53e75,cruising,,
validation.tfrecord-00019-of-00150 ,1fddc0fdcc83d2bb,cruising,,
validation.tfrecord-00019-of-00150 ,28dd7530f690a80c,cruising,,
validation.tfrecord-00019-of-00150 ,4cf1df87be39d6d4,cruising,,
validation.tfrecord-00019-of-00150 ,5477b99917ebd56a,lane-change,,
validation.tfrecord-00019-of-00150 ,5ac9fd0eb66a619e,cruising,right-turn,lane-change
validation.tfrecord-00019-of-00150 ,600be5f854e1924c,lane-change,right-turn,
validation.tfrecord-00019-of-00150 ,65452fe69302efb,intersection,,
validation.tfrecord-00019-of-00150 ,8973d51b8fc4c3a2,merge,,
validation.tfrecord-00019-of-00150 ,8b1d372df40a420b,letf-trun,,
validation.tfrecord-00019-of-00150 ,d2f1dd21152fada7,letf-trun,,
validation.tfrecord-00019-of-00150 ,d517287bd2f94d99,cruising,,
validation.tfrecord-00019-of-00150 ,d7a5c028b6c8c492,merge,,
validation.tfrecord-00019-of-00150 ,e2a33a0c27e30018,cruising,,
validation.tfrecord-00019-of-00150 ,ff5aad2b074c0f1c,lane-change,,
validation.tfrecord-00020-of-00150 ,2ccbf7aecac863e3,cruising,right-turn,lane-change
validation.tfrecord-00020-of-00150 ,570d9db2640ce56,cruising,,
validation.tfrecord-00020-of-00150 ,663152597f6c244c,cruising,,
validation.tfrecord-00020-of-00150 ,7cfa940117419abc,cruising,,
validation.tfrecord-00020-of-00150 ,8e87c0cf152d61b,cruising,,
validation.tfrecord-00020-of-00150 ,9e8fe1aa509634db,cruising,,
validation.tfrecord-00020-of-00150 ,a527c326fadc9806,lane-change,,
validation.tfrecord-00020-of-00150 ,acfdbd266388723c,intersection,,
validation.tfrecord-00020-of-00150 ,c54b279bdb670b8,cruising,,
validation.tfrecord-00020-of-00150 ,cca7b7fe9b36124e,merge,cruising,
validation.tfrecord-00020-of-00150 ,d4365b2747a5654a,merge,,
validation.tfrecord-00020-of-00150 ,ec3f9ccd27c36b34,cruising,,
validation.tfrecord-00020-of-00150 ,f3eaec7ce93a8c4f,cruising,,
validation.tfrecord-00020-of-00150 ,fa56f6860c4c0923,lane-change,,
validation.tfrecord-00021-of-00150 ,2394957c5c39667c,cruising,,
validation.tfrecord-00021-of-00150 ,2dddd6960d97b1d3,cruising,,
validation.tfrecord-00021-of-00150 ,31ca02657a077323,right-turn,,
validation.tfrecord-00021-of-00150 ,38898a615d26e2a9,intersection,,
validation.tfrecord-00021-of-00150 ,445c4d6d988a11b1,cruising,merge,
validation.tfrecord-00021-of-00150 ,60d0145089a91951,lane-change,cruising,
validation.tfrecord-00021-of-00150 ,610458c59cf19df0,cruising,,
validation.tfrecord-00021-of-00150 ,641226aaad959ecd,merge,,
validation.tfrecord-00021-of-00150 ,655fb64df0274d65,right-turn,cruising,
validation.tfrecord-00021-of-00150 ,d4b6c5752177d2c5,cruising,,
validation.tfrecord-00021-of-00150 ,e7cd4d663e6991c5,merge,,
validation.tfrecord-00023-of-00150 ,136a7222a0d3d0dc,cruising,,
validation.tfrecord-00023-of-00150 ,1f85b4e4916f58c0,cruising,,
validation.tfrecord-00023-of-00150 ,357d780d7d8b0e2f,letf-trun,,
validation.tfrecord-00023-of-00150 ,3edef9c896c9c01a,lane-change,,
validation.tfrecord-00023-of-00150 ,477fbb6761e4429f,right-turn,,
validation.tfrecord-00023-of-00150 ,5da2a2bbe53a41e9,letf-trun,,
validation.tfrecord-00023-of-00150 ,849269947614a5ca,lane-change,cruising,
validation.tfrecord-00023-of-00150 ,902528d04c9873a2,merge,,
validation.tfrecord-00023-of-00150 ,bd84b756ea8f94e5,lane-change,,
validation.tfrecord-00023-of-00150 ,bec910143b9639e7,cruising,,
validation.tfrecord-00023-of-00150 ,c4c1704bfdc834a9,right-turn,,
validation.tfrecord-00023-of-00150 ,c88f760dd20e3bca,cruising,right-turn,letf-trun
validation.tfrecord-00023-of-00150 ,da870b282262b90b,cruising,,
validation.tfrecord-00023-of-00150 ,dc6f8c9ecea0178f,cruising,,
validation.tfrecord-00023-of-00150 ,f0bc478b7b2febd3,cruising,,
validation.tfrecord-00024-of-00150 ,19a5046f41991188,right-turn,,
validation.tfrecord-00024-of-00150 ,1ca48f1b5b599acf,cruising,lane-change,
validation.tfrecord-00024-of-00150 ,54d3e08125389f48,intersection,,
validation.tfrecord-00024-of-00150 ,6ccee8663e2754bf,merge,cruising,
validation.tfrecord-00024-of-00150 ,754f075690f83595,cruising,,
validation.tfrecord-00024-of-00150 ,811383bd4aa65ee,cruising,lane-change,
validation.tfrecord-00024-of-00150 ,a156a1336214c720,lane-change,cruising,
validation.tfrecord-00024-of-00150 ,d085e8540883e19e,cruising,,
validation.tfrecord-00025-of-00150 ,3d4ad76f01af3d0a,intersection,,
validation.tfrecord-00025-of-00150 ,51ceae25cc1be86d,cruising,,
validation.tfrecord-00025-of-00150 ,53437d2b6915d81a,intersection,,
validation.tfrecord-00025-of-00150 ,5740ec11da36f016,letf-trun,,
validation.tfrecord-00025-of-00150 ,5ba48faf529d9d22,cruising,,
validation.tfrecord-00025-of-00150 ,69c85f25e6dd773c,cruising,,
validation.tfrecord-00025-of-00150 ,6daf0f2e06d9049d,cruising,lane-change,
validation.tfrecord-00025-of-00150 ,6f4d231ddc9261e0,cruising,merge,
validation.tfrecord-00025-of-00150 ,bb8825b62a6e260d,cruising,,
validation.tfrecord-00025-of-00150 ,d0e8f2d5a932a6a5,intersection,,
validation.tfrecord-00025-of-00150 ,e378fc5e2cd4ff52,lane-change,,
validation.tfrecord-00025-of-00150 ,f7bf0943bf5da1c8,merge,,
validation.tfrecord-00026-of-00150 ,18d35698e8b12bc9,letf-trun,,
validation.tfrecord-00026-of-00150 ,20ca9ba6551986f,merge,,
validation.tfrecord-00026-of-00150 ,23f798e86b05b28f,cruising,merge,
validation.tfrecord-00026-of-00150 ,291ac699311f1cd4,intersection,,
validation.tfrecord-00026-of-00150 ,3bbbfe7deab38ebf,lane-change,,
validation.tfrecord-00026-of-00150 ,3c2f6dc874ae3891,cruising,,
validation.tfrecord-00026-of-00150 ,6592862f7fab6ced,cruising,,
validation.tfrecord-00026-of-00150 ,714c1ea0ca10c4a2,cruising,,
validation.tfrecord-00026-of-00150 ,887f88395f5ee183,cruising,,
validation.tfrecord-00026-of-00150 ,ccb92a42e0ad529a,merge,,
validation.tfrecord-00026-of-00150 ,ce0cb22f6df383d6,lane-change,cruising,
validation.tfrecord-00026-of-00150 ,e90d9f3ed0c01d09,cruising,,
validation.tfrecord-00026-of-00150 ,f910c4ba412f8ebf,cruising,,
validation.tfrecord-00027-of-00150 ,5d9f6997d70cab55,letf-trun,cruising,
validation.tfrecord-00027-of-00150 ,684a4d1235f05191,cruising,,
validation.tfrecord-00027-of-00150 ,7f0fbdc4f9cc5fbe,right-turn,,
validation.tfrecord-00027-of-00150 ,9f7eca9f707bfde2,cruising,,
validation.tfrecord-00027-of-00150 ,f3b18c54f72d028,cruising,,
validation.tfrecord-00028-of-00150 ,122e7660fd23fea2,lane-change,,
validation.tfrecord-00028-of-00150 ,3c80632fe55bd841,cruising,,
validation.tfrecord-00028-of-00150 ,4270f75f6fa74244,cruising,,
validation.tfrecord-00028-of-00150 ,43a130e908c1396c,lane-change,,
validation.tfrecord-00028-of-00150 ,4fd033e1cdae91b7,cruising,,
validation.tfrecord-00028-of-00150 ,673efdb15c5de4a9,cruising,,
validation.tfrecord-00028-of-00150 ,6d862e61068d09aa,cruising,,
validation.tfrecord-00028-of-00150 ,7b3c3254fbeca756,lane-change,,
validation.tfrecord-00028-of-00150 ,7f5a63a1f048a3f0,lane-change,,
validation.tfrecord-00028-of-00150 ,a4558141d955bbe5,lane-change,right-turn,
validation.tfrecord-00028-of-00150 ,ab14fce7ee488693,letf-trun,,
validation.tfrecord-00028-of-00150 ,bb8e73fdce3d2a18,lane-change,right-turn,
validation.tfrecord-00028-of-00150 ,c761bf45756e269d,cruising,,
validation.tfrecord-00028-of-00150 ,cddc8ca096850e66,cruising,,
validation.tfrecord-00028-of-00150 ,d0b1b0d39665daba,cruising,,
validation.tfrecord-00028-of-00150 ,d4033db5f9f9b088,cruising,,
validation.tfrecord-00028-of-00150 ,e0966ff02b2fa197,lane-change,,
validation.tfrecord-00028-of-00150 ,e5a5cb150dee8aa,merge,,
validation.tfrecord-00028-of-00150 ,ebd8e9b9ed07431a,cruising,,
validation.tfrecord-00028-of-00150 ,fe1d86a8411333e8,cruising,,
validation.tfrecord-00029-of-00150 ,149dfa0562962080,cruising,,
validation.tfrecord-00029-of-00150 ,3568e6300867fdc1,lane-change,,
validation.tfrecord-00029-of-00150 ,4434cb8883336c6d,right-turn,,
validation.tfrecord-00029-of-00150 ,59c184de869629c1,cruising,,
validation.tfrecord-00029-of-00150 ,5d0a9bae77c7e9a9,merge,,
validation.tfrecord-00029-of-00150 ,69b2cb63eaeb933d,cruising,,
validation.tfrecord-00029-of-00150 ,6a5ae3dc0966721a,letf-trun,,
validation.tfrecord-00029-of-00150 ,7d1d7929855fe1cb,cruising,,
validation.tfrecord-00029-of-00150 ,7fecfb106ccff327,cruising,,
validation.tfrecord-00029-of-00150 ,80377647a5f749de,right-turn,,
validation.tfrecord-00029-of-00150 ,81f1362383e5dd60,lane-change,,
validation.tfrecord-00029-of-00150 ,b44b5fc804aba3c7,letf-trun,,
validation.tfrecord-00029-of-00150 ,ba7dacd515adcc4d,lane-change,,
validation.tfrecord-00029-of-00150 ,ba81ddc98c88a0f3,cruising,,
validation.tfrecord-00029-of-00150 ,c58f14bb40810950,lane-change,,
validation.tfrecord-00029-of-00150 ,c69a2a423656cd88,cruising,,
validation.tfrecord-00029-of-00150 ,ddd3a014b9f5bbb3,right-turn,cruising,
validation.tfrecord-00029-of-00150 ,ea45019a3370148,cruising,,
validation.tfrecord-00029-of-00150 ,fe464e598adfeecb,merge,,
validation.tfrecord-00030-of-00150 ,2bbe402bdc39f391,cruising,,
validation.tfrecord-00030-of-00150 ,5bcb4673b6c09a82,cruising,,
validation.tfrecord-00030-of-00150 ,90030f8075f3886a,cruising,,
validation.tfrecord-00030-of-00150 ,aef824a9a4d8318d,letf-trun,,
validation.tfrecord-00030-of-00150 ,dedc78007eac8fec,lane-change,,
validation.tfrecord-00030-of-00150 ,e25181ab4395fe6b,cruising,,
validation.tfrecord-00030-of-00150 ,f236a89c791a396,cruising,merge,
validation.tfrecord-00030-of-00150 ,f293153366513877,merge,,
validation.tfrecord-00031-of-00150 ,10f5bd0259613b59,cruising,lane-change,
validation.tfrecord-00031-of-00150 ,1d91fab60e9eca98,lane-change,,
validation.tfrecord-00031-of-00150 ,212bb061c7ca4ac6,cruising,,
validation.tfrecord-00031-of-00150 ,43eb4bd58cb5d,letf-trun,,
validation.tfrecord-00031-of-00150 ,47ff2a5795e86b0,intersection,,
validation.tfrecord-00031-of-00150 ,4f3c05c825859a64,cruising,,
validation.tfrecord-00031-of-00150 ,5ca47cc494eb658a,cruising,,
validation.tfrecord-00031-of-00150 ,ddfa1d19e4cccd32,cruising,,
validation.tfrecord-00031-of-00150 ,e95797447c069c60,letf-trun,intersection,
validation.tfrecord-00031-of-00150 ,f542fa508644d24e,cruising,,
validation.tfrecord-00031-of-00150 ,f73f873cc0f141f0,cruising,,
validation.tfrecord-00032-of-00150 ,1c852848058b41f7,cruising,,
validation.tfrecord-00032-of-00150 ,27e1dd9cb7f2907f,right-turn,lane-change,
validation.tfrecord-00032-of-00150 ,439f6dde941bbb3c,merge,cruising,
validation.tfrecord-00032-of-00150 ,498aa6f29a0376f8,cruising,,
validation.tfrecord-00032-of-00150 ,4fe544d16af52ca8,intersection,,
validation.tfrecord-00032-of-00150 ,5b026fff2cac1151,right-turn,lane-change,
validation.tfrecord-00032-of-00150 ,78994a0867717323,merge,,
validation.tfrecord-00032-of-00150 ,a5f1c7a0ec6d49b2,letf-trun,,
validation.tfrecord-00032-of-00150 ,b70b507fefda5fc7,letf-trun,,
validation.tfrecord-00032-of-00150 ,e30e7d17bbadd420,merge,cruising,
validation.tfrecord-00032-of-00150 ,ef2c3a1ee3ca4888,cruising,,
validation.tfrecord-00033-of-00150 ,34203ab1401ba25a,cruising,,
validation.tfrecord-00033-of-00150 ,386cf518dd2a7b26,cruising,,
validation.tfrecord-00033-of-00150 ,429ccf166f13a9d7,letf-trun,,
validation.tfrecord-00033-of-00150 ,5ca7e2929765a3fc,cruising,,
validation.tfrecord-00033-of-00150 ,65b5141100ff93f0,lane-change,,
validation.tfrecord-00033-of-00150 ,6a27ee7262074730,lane-change,,
validation.tfrecord-00033-of-00150 ,7db686a445017b94,letf-trun,,
validation.tfrecord-00033-of-00150 ,8c89f4537c56061c,lane-change,,
validation.tfrecord-00033-of-00150 ,9a024832ea4ef987,cruising,,
validation.tfrecord-00033-of-00150 ,a49c0fb2eab8e6bd,right-turn,,
validation.tfrecord-00033-of-00150 ,ab11ecf73b254a8f,letf-trun,,
validation.tfrecord-00033-of-00150 ,ad9741c301d5dcfa,letf-trun,right-turn,
validation.tfrecord-00033-of-00150 ,c044e077993fe0d7,cruising,,
validation.tfrecord-00033-of-00150 ,c4bfe7e38cc1d97b,letf-trun,,
validation.tfrecord-00033-of-00150 ,d3c8d740746df322,cruising,,
validation.tfrecord-00033-of-00150 ,e166b8aed9695648,cruising,,
validation.tfrecord-00034-of-00150 ,351d4db1f5d7e256,cruising,,
validation.tfrecord-00034-of-00150 ,3c20bb2d4944ff07,merge,cruising,
validation.tfrecord-00034-of-00150 ,40c9a67f94d9d381,cruising,,
validation.tfrecord-00034-of-00150 ,77ba97b58590b636,merge,cruising,
validation.tfrecord-00034-of-00150 ,c7e8d3ff724ec469,right-turn,cruising,
validation.tfrecord-00034-of-00150 ,caacb0078e04b3cc,cruising,,
validation.tfrecord-00034-of-00150 ,cfbd39e3fda947be,cruising,,
validation.tfrecord-00034-of-00150 ,eaf692bfc4d6b2af,cruising,,
validation.tfrecord-00034-of-00150 ,ecac8a2a1ff902ac,cruising,,
validation.tfrecord-00034-of-00150 ,fbf761d1bc3e1e61,cruising,,
validation.tfrecord-00035-of-00150 ,187d9f648fc34a05,intersection,,
validation.tfrecord-00035-of-00150 ,2b6b38d7ad5b929d,intersection,,
validation.tfrecord-00035-of-00150 ,41202866b2ae1c0f,cruising,,
validation.tfrecord-00035-of-00150 ,61d8bcf685845ff,right-turn,,
validation.tfrecord-00035-of-00150 ,76558c850a8104e0,cruising,,
validation.tfrecord-00035-of-00150 ,81ae67894a2e63c6,right-turn,,
validation.tfrecord-00035-of-00150 ,93a82dbe9425898c,intersection,,
validation.tfrecord-00035-of-00150 ,a61e59071736f14d,cruising,,
validation.tfrecord-00035-of-00150 ,af2281c2ef61920d,cruising,,
validation.tfrecord-00035-of-00150 ,b1f2c2d521c5a542,right-turn,,
validation.tfrecord-00035-of-00150 ,c469958a3bfa79b,lane-change,,
validation.tfrecord-00035-of-00150 ,dc1b974b75cc9058,merge,lane-change,
validation.tfrecord-00035-of-00150 ,e6823268e3e3982d,cruising,merge,
validation.tfrecord-00035-of-00150 ,fb579df3e4aedc32,letf-trun,,
validation.tfrecord-00036-of-00150 ,126574ffb44457b4,cruising,,
validation.tfrecord-00036-of-00150 ,37a22aeabedd4d1e,cruising,,
validation.tfrecord-00036-of-00150 ,3ce06a8ab3ddc59c,cruising,,
validation.tfrecord-00036-of-00150 ,461c780269184783,right-turn,,
validation.tfrecord-00036-of-00150 ,51bb9488d67ddc6b,cruising,,
validation.tfrecord-00036-of-00150 ,562dfbf7a8574cfa,intersection,,
validation.tfrecord-00036-of-00150 ,747cb52659e893ae,cruising,,
validation.tfrecord-00036-of-00150 ,7873e1e1438f4b6d,cruising,,
validation.tfrecord-00036-of-00150 ,7ce6e9bb56f7bc86,cruising,,
validation.tfrecord-00036-of-00150 ,85cf2eaba4f0f1b7,cruising,,
validation.tfrecord-00036-of-00150 ,95ca6171f29c87c2,cruising,,
validation.tfrecord-00036-of-00150 ,c990cda32e933cca,cruising,,
validation.tfrecord-00036-of-00150 ,e30611c36c04205d,cruising,,
validation.tfrecord-00036-of-00150 ,ee2ea07546884f09,cruising,,
validation.tfrecord-00036-of-00150 ,eee13ba8aea4616f,merge,,
validation.tfrecord-00036-of-00150 ,fff638a432d6ac14,cruising,,
validation.tfrecord-00037-of-00150 ,18377dd42280b3c9,merge,,
validation.tfrecord-00037-of-00150 ,1c28ee3d90fe58ed,lane-change,,
validation.tfrecord-00037-of-00150 ,4224c5ec3dc04849,cruising,,
validation.tfrecord-00037-of-00150 ,4561116d5eef1dea,merge,cruising,
validation.tfrecord-00037-of-00150 ,50a2e817e87d8b01,cruising,,
validation.tfrecord-00037-of-00150 ,726db00df865c695,cruising,,
validation.tfrecord-00037-of-00150 ,73e8459eeb9d57ee,merge,,
validation.tfrecord-00037-of-00150 ,d4f8f97c4d1c3a82,merge,,
validation.tfrecord-00037-of-00150 ,dc51671bd9845eb9,intersection,,
validation.tfrecord-00037-of-00150 ,f21bc22bb1485113,cruising,,
validation.tfrecord-00038-of-00150 ,115c5ec1589d7a43,right-turn,cruising,
validation.tfrecord-00038-of-00150 ,18130e88bb804203,merge,,
validation.tfrecord-00038-of-00150 ,19fc939fec0c06cb,right-turn,,
validation.tfrecord-00038-of-00150 ,23da96e26838a72d,cruising,,
validation.tfrecord-00038-of-00150 ,6026d92fc26540c3,cruising,,
validation.tfrecord-00038-of-00150 ,982a22aa3223c726,cruising,,
validation.tfrecord-00038-of-00150 ,bb30332ee32f9c2d,cruising,,
validation.tfrecord-00038-of-00150 ,d8a41ea5e4c2e19c,right-turn,,
validation.tfrecord-00038-of-00150 ,fd0c9205ea139d6f,cruising,right-turn,
validation.tfrecord-00039-of-00150 ,30588bb4a1afbb61,intersection,,
validation.tfrecord-00039-of-00150 ,40248755ebabcb81,letf-trun,,
validation.tfrecord-00039-of-00150 ,5ec13c9eed3c8cac,right-turn,,
validation.tfrecord-00039-of-00150 ,7eef20feae266823,cruising,,
validation.tfrecord-00039-of-00150 ,96c866cd7a8b06f8,right-turn,,
validation.tfrecord-00039-of-00150 ,aa04a9b32dc94f8a,letf-trun,,
validation.tfrecord-00039-of-00150 ,c13b659c561b180e,cruising,,
validation.tfrecord-00039-of-00150 ,d8e3acb5194bd8a8,cruising,,
validation.tfrecord-00040-of-00150 ,3fadccd06114214d,cruising,lane-change,
validation.tfrecord-00040-of-00150 ,57c87ba38d7aa649,letf-trun,,
validation.tfrecord-00040-of-00150 ,61cb3af3009793a6,cruising,,
validation.tfrecord-00040-of-00150 ,72680fa058809467,cruising,lane-change,
validation.tfrecord-00040-of-00150 ,8443fc3940e375fb,lane-change,,
validation.tfrecord-00040-of-00150 ,8c23ec6dcdce905c,right-turn,,
validation.tfrecord-00040-of-00150 ,92f6db89ff17021,cruising,,
validation.tfrecord-00040-of-00150 ,97dc2441f6ed2318,cruising,lane-change,
validation.tfrecord-00040-of-00150 ,9be728278c14cc45,cruising,,
validation.tfrecord-00040-of-00150 ,bc51747cde31bd6e,cruising,merge,
validation.tfrecord-00040-of-00150 ,c54d8e89d0409ae5,cruising,,
validation.tfrecord-00041-of-00150 ,1560d44a84f78be9,right-turn,,
validation.tfrecord-00041-of-00150 ,162622332a6b3730,right-turn,,
validation.tfrecord-00041-of-00150 ,197cad4df56bfb66,cruising,,
validation.tfrecord-00041-of-00150 ,1b4ebb39885819ea0,merge,,
validation.tfrecord-00041-of-00150 ,2ef8b857eb575693,cruising,,
validation.tfrecord-00041-of-00150 ,96043d9ac0b0ca08,merge,,
validation.tfrecord-00041-of-00150 ,b04b1745baf5901c,cruising,,
validation.tfrecord-00042-of-00150 ,13115443b6bf9bae,cruising,,
validation.tfrecord-00042-of-00150 ,35c3301f1bb6a6eb,lane-change,,
validation.tfrecord-00042-of-00150 ,452d7d6b3006178b,cruising,,
validation.tfrecord-00042-of-00150 ,637896b0426e821,lane-change,,
validation.tfrecord-00042-of-00150 ,6b4968060a36f72,cruising,,
validation.tfrecord-00042-of-00150 ,6d922632ad6155e9,cruising,,
validation.tfrecord-00042-of-00150 ,8374fe8b2ed6acaa,cruising,,
validation.tfrecord-00042-of-00150 ,8e7ef26921f890b6,cruising,,
validation.tfrecord-00042-of-00150 ,a300d0a16753a7d4,cruising,lane-change,
validation.tfrecord-00042-of-00150 ,dab036a6f7f05210,merge,,
validation.tfrecord-00042-of-00150 ,ef34c3ee36ad147a,cruising,,
validation.tfrecord-00042-of-00150 ,f1de4c02198ea945,right-turn,,
validation.tfrecord-00043-of-00150 ,15363827d42e3f3e,cruising,,
validation.tfrecord-00043-of-00150 ,1a9cdc3d1c26a634,cruising,lane-change,
validation.tfrecord-00043-of-00150 ,2ed763729c6e7e97,cruising,,
validation.tfrecord-00043-of-00150 ,3e95edb1e5a33615,cruising,,
validation.tfrecord-00043-of-00150 ,50d4f0f33fb6fc19,cruising,,
validation.tfrecord-00043-of-00150 ,513e98ed694d05a2,cruising,,
validation.tfrecord-00043-of-00150 ,629289b0fd1ff0a7,cruising,,
validation.tfrecord-00043-of-00150 ,65512b7ec2005a53,cruising,,
validation.tfrecord-00043-of-00150 ,6a32ef9663d397f5,cruising,,
validation.tfrecord-00043-of-00150 ,ca02f5858bd77616,cruising,,
validation.tfrecord-00043-of-00150 ,d53aee8c1421cb9,cruising,,
validation.tfrecord-00044-of-00150 ,12393a9f707de20c,cruising,,
validation.tfrecord-00044-of-00150 ,2ea4fdd94aad3854,cruising,,
validation.tfrecord-00044-of-00150 ,758ddd9c40e2791b,cruising,right-turn,
validation.tfrecord-00044-of-00150 ,91ececb3592aa198,merge,,
validation.tfrecord-00044-of-00150 ,a91a46a97d988bc9,letf-trun,,
validation.tfrecord-00044-of-00150 ,cfc020fa9b89d9b6,intersection,,
validation.tfrecord-00044-of-00150 ,de8f1a8137be5867,lane-change,merge,
validation.tfrecord-00045-of-00150 ,1d7ab943bfc76ca2,right-turn,cruising,
validation.tfrecord-00045-of-00150 ,762c55686f43b039,cruising,,
validation.tfrecord-00045-of-00150 ,801a44f5787946ec,cruising,,
validation.tfrecord-00045-of-00150 ,8963019977ee8648,cruising,,
validation.tfrecord-00045-of-00150 ,91146276e96266d4,lane-change,,
validation.tfrecord-00045-of-00150 ,a285177defa2d61,cruising,,
validation.tfrecord-00045-of-00150 ,b0d3d74087c40d96,merge,cruising,
validation.tfrecord-00045-of-00150 ,b773ad3f71af8cc6,cruising,,
validation.tfrecord-00045-of-00150 ,eb0f5d3f1760206e,lane-change,cruising,
validation.tfrecord-00045-of-00150 ,ff3bb5dacccb8900,merge,,
validation.tfrecord-00045-of-00150 ,fffd4b3a1eca8c64,cruising,,
validation.tfrecord-00046-of-00150 ,1eaf8011d31edb9b,lane-change,merge,
validation.tfrecord-00046-of-00150 ,38ae1f26bfc5f7b6,cruising,right-turn,
validation.tfrecord-00046-of-00150 ,46eca0e867aa9bd9,lane-change,cruising,
validation.tfrecord-00046-of-00150 ,4b251ada8d273909,lane-change,,
validation.tfrecord-00046-of-00150 ,816320b43ba40132,merge,,
validation.tfrecord-00046-of-00150 ,83fbc2f768dbe346,merge,,
validation.tfrecord-00046-of-00150 ,a81d659e56d1d7b5,lane-change,cruising,
validation.tfrecord-00046-of-00150 ,acb9660986d69d5b,cruising,,
validation.tfrecord-00046-of-00150 ,c269295f5215b045,merge,,
validation.tfrecord-00046-of-00150 ,e83fd27c7ffbee88,cruising,,
validation.tfrecord-00047-of-00150 ,1e0d912eb4e14ba0,intersection,,
validation.tfrecord-00047-of-00150 ,27bf0afeecd3ddd5,lane-change,,
validation.tfrecord-00047-of-00150 ,45905d3da21afa75,cruising,,
validation.tfrecord-00047-of-00150 ,5e31801c93bb6b83,intersection,,
validation.tfrecord-00047-of-00150 ,623a01e197316b4b,merge,,
validation.tfrecord-00047-of-00150 ,65f4466056d4af0c,cruising,,
validation.tfrecord-00047-of-00150 ,696db793e05c6385,right-turn,,
validation.tfrecord-00047-of-00150 ,a1b2baa3ab2b3680,right-turn,,
validation.tfrecord-00047-of-00150 ,d7ea6e8af90dc0af,right-turn,intersection,
validation.tfrecord-00047-of-00150 ,ed113a1f9f720267,cruising,,
validation.tfrecord-00047-of-00150 ,f57bb5623662f81e,right-turn,,
validation.tfrecord-00048-of-00150 ,20c5a648cf9ed5e2,right-turn,,
validation.tfrecord-00048-of-00150 ,352872885f581867,cruising,,
validation.tfrecord-00048-of-00150 ,3b1ac84890af95e0,cruising,,
validation.tfrecord-00048-of-00150 ,5ea8213e68fbec94,cruising,,
validation.tfrecord-00048-of-00150 ,6122fe9308a6dc0b,merge,lane-change,
validation.tfrecord-00048-of-00150 ,718450eae9ee10a9,letf-trun,,
validation.tfrecord-00048-of-00150 ,724fee49916bc278,lane-change,right-turn,
validation.tfrecord-00048-of-00150 ,737184cf68cb66f9,merge,,
validation.tfrecord-00048-of-00150 ,80a9aa78109cd56b,intersection,,
validation.tfrecord-00048-of-00150 ,b48a0bc7275d2737,cruising,lane-change,
validation.tfrecord-00048-of-00150 ,e32ced1b0140e1e7,right-turn,intersection,
validation.tfrecord-00049-of-00150 ,124593ed0a710a8c,right-turn,cruising,
validation.tfrecord-00049-of-00150 ,17ac08665f19fdc7,right-turn,,
validation.tfrecord-00049-of-00150 ,540bb51d260a9293,overtake,,
validation.tfrecord-00049-of-00150 ,54a9463fc5225e2c,cruising,,
validation.tfrecord-00049-of-00150 ,5d4bb641549769c2,cruising,,
validation.tfrecord-00049-of-00150 ,5d72c340593e670,letf-trun,right-turn,
validation.tfrecord-00049-of-00150 ,5edc329c95626a5c,cruising,,
validation.tfrecord-00049-of-00150 ,617926c9aff4f957,cruising,,
validation.tfrecord-00049-of-00150 ,6662239b916248e1,cruising,,
validation.tfrecord-00049-of-00150 ,7f63f8d8ce87aee2,cruising,,
validation.tfrecord-00049-of-00150 ,c1bf69f8e502b9f8,cruising,,
validation.tfrecord-00049-of-00150 ,cc2f528ba68f253b,cruising,,
validation.tfrecord-00049-of-00150 ,d476b015c7180682,merge,cruising,
validation.tfrecord-00049-of-00150 ,de3e1214aea871a6,cruising,,
validation.tfrecord-00049-of-00150 ,ee6b31770080105e,cruising,,
